<?xml version="1.0" encoding="UTF-8"?>
<project-private xmlns="http://www.netbeans.org/ns/project-private/1">
    <editor-bookmarks xmlns="http://www.netbeans.org/ns/editor-bookmarks/2" lastBookmarkId="0"/>
    <open-files xmlns="http://www.netbeans.org/ns/projectui-open-files/2">
        <group>
            <file>file:/E:/BankProject/src/bankproject/Signup.java</file>
            <file>file:/E:/BankProject/src/bankproject/SendMoney.java</file>
            <file>file:/E:/BankProject/src/bankproject/AccountDetails.java</file>
            <file>file:/E:/BankProject/src/bankproject/HomePage.java</file>
            <file>file:/E:/BankProject/src/bankproject/LoginPage.java</file>
            <file>file:/E:/BankProject/src/bankproject/Deposit.java</file>
            <file>file:/E:/BankProject/src/bankproject/MyTransactions.java</file>
        </group>
    </open-files>
</project-private>
